TDSFU Daily run: Mon Oct 27 15:55:50 UTC 2025 TDSFU
TDSFU Daily run: Tue Oct 28 04:45:19 UTC 2025 TDSFU
TDSFU Daily run: Wed Oct 29 04:49:20 UTC 2025 TDSFU
TDSFU Daily run: Thu Oct 30 04:44:10 UTC 2025 TDSFU
TDSFU Daily run: Fri Oct 31 04:58:04 UTC 2025 TDSFU
TDSFU Daily run: Sat Nov  1 04:40:04 UTC 2025 TDSFU
TDSFU Daily run: Sun Nov  2 04:44:10 UTC 2025 TDSFU
TDSFU Daily run: Mon Nov  3 04:51:26 UTC 2025 TDSFU
TDSFU Daily run: Tue Nov  4 04:45:29 UTC 2025 TDSFU
TDSFU Daily run: Wed Nov  5 04:46:15 UTC 2025 TDSFU
TDSFU Daily run: Thu Nov  6 04:50:01 UTC 2025 TDSFU
TDSFU Daily run: Fri Nov  7 04:44:33 UTC 2025 TDSFU
